{".env":[".env"],"assets/images/active_subscription.png":["assets/images/active_subscription.png"],"assets/images/apple.png":["assets/images/apple.png"],"assets/images/background.png":["assets/images/background.png"],"assets/images/bg_nav.png":["assets/images/bg_nav.png"],"assets/images/bg_onboarding_1.png":["assets/images/bg_onboarding_1.png"],"assets/images/bg_onboarding_2.png":["assets/images/bg_onboarding_2.png"],"assets/images/bg_onboarding_3.png":["assets/images/bg_onboarding_3.png"],"assets/images/bg_signin.png":["assets/images/bg_signin.png"],"assets/images/bg_signup_success.png":["assets/images/bg_signup_success.png"],"assets/images/default_profile.png":["assets/images/default_profile.png"],"assets/images/divider.png":["assets/images/divider.png"],"assets/images/down.png":["assets/images/down.png"],"assets/images/empty.png":["assets/images/empty.png"],"assets/images/gift.png":["assets/images/gift.png"],"assets/images/google.png":["assets/images/google.png"],"assets/images/headphones.png":["assets/images/headphones.png"],"assets/images/hide_subscription.png":["assets/images/hide_subscription.png"],"assets/images/icon_announcement_bear.png":["assets/images/icon_announcement_bear.png"],"assets/images/icon_announcement_bull.png":["assets/images/icon_announcement_bull.png"],"assets/images/icon_bear.png":["assets/images/icon_bear.png"],"assets/images/icon_bull.png":["assets/images/icon_bull.png"],"assets/images/icon_facebook.png":["assets/images/icon_facebook.png"],"assets/images/icon_favorite_grey.png":["assets/images/icon_favorite_grey.png"],"assets/images/icon_favorite_yellow.png":["assets/images/icon_favorite_yellow.png"],"assets/images/icon_home_selected.png":["assets/images/icon_home_selected.png"],"assets/images/icon_home_unselected.png":["assets/images/icon_home_unselected.png"],"assets/images/icon_instagram.png":["assets/images/icon_instagram.png"],"assets/images/icon_logout.png":["assets/images/icon_logout.png"],"assets/images/icon_notification.png":["assets/images/icon_notification.png"],"assets/images/icon_phone.png":["assets/images/icon_phone.png"],"assets/images/icon_profile_selected.png":["assets/images/icon_profile_selected.png"],"assets/images/icon_profile_textfield.png":["assets/images/icon_profile_textfield.png"],"assets/images/icon_profile_unselected.png":["assets/images/icon_profile_unselected.png"],"assets/images/icon_rate.png":["assets/images/icon_rate.png"],"assets/images/icon_signal_bear.png":["assets/images/icon_signal_bear.png"],"assets/images/icon_signal_bear_arrow.png":["assets/images/icon_signal_bear_arrow.png"],"assets/images/icon_signal_bull.png":["assets/images/icon_signal_bull.png"],"assets/images/icon_signal_bull_arrow.png":["assets/images/icon_signal_bull_arrow.png"],"assets/images/icon_signals_selected.png":["assets/images/icon_signals_selected.png"],"assets/images/icon_signals_unselected.png":["assets/images/icon_signals_unselected.png"],"assets/images/icon_subscription_reward.png":["assets/images/icon_subscription_reward.png"],"assets/images/icon_subscription_thumbs_up.png":["assets/images/icon_subscription_thumbs_up.png"],"assets/images/icon_twitter.png":["assets/images/icon_twitter.png"],"assets/images/icon_upgrade.png":["assets/images/icon_upgrade.png"],"assets/images/jamaica.png":["assets/images/jamaica.png"],"assets/images/lock.png":["assets/images/lock.png"],"assets/images/onboarding_1.png":["assets/images/onboarding_1.png"],"assets/images/onboarding_2.png":["assets/images/onboarding_2.png"],"assets/images/onboarding_3.png":["assets/images/onboarding_3.png"],"assets/images/signup_success.png":["assets/images/signup_success.png"],"assets/images/star.png":["assets/images/star.png"],"assets/images/success.png":["assets/images/success.png"],"assets/images/support.png":["assets/images/support.png"],"assets/images/ticker-chart.png":["assets/images/ticker-chart.png"],"assets/images/up.png":["assets/images/up.png"],"assets/images/update_rocket.png":["assets/images/update_rocket.png"],"assets/svg/change.svg":["assets/svg/change.svg"],"assets/svg/close.svg":["assets/svg/close.svg"],"assets/svg/exchange.svg":["assets/svg/exchange.svg"],"assets/svg/forex.svg":["assets/svg/forex.svg"],"assets/svg/go-long.svg":["assets/svg/go-long.svg"],"assets/svg/go-short.svg":["assets/svg/go-short.svg"],"assets/svg/go-short_old.svg":["assets/svg/go-short_old.svg"],"assets/svg/home.svg":["assets/svg/home.svg"],"assets/svg/learn.svg":["assets/svg/learn.svg"],"assets/svg/logo-black.svg":["assets/svg/logo-black.svg"],"assets/svg/logo-white.svg":["assets/svg/logo-white.svg"],"assets/svg/money.svg":["assets/svg/money.svg"],"assets/svg/news.svg":["assets/svg/news.svg"],"assets/svg/notification.svg":["assets/svg/notification.svg"],"assets/svg/padlock.svg":["assets/svg/padlock.svg"],"assets/svg/signals.svg":["assets/svg/signals.svg"],"assets/svg/star.svg":["assets/svg/star.svg"],"assets/svg/stocks.svg":["assets/svg/stocks.svg"],"assets/svg/support.svg":["assets/svg/support.svg"],"assets/svg/user.svg":["assets/svg/user.svg"],"assets/translations/ar.json":["assets/translations/ar.json"],"assets/translations/en.json":["assets/translations/en.json"],"assets/translations/es.json":["assets/translations/es.json"],"assets/translations/lang.csv":["assets/translations/lang.csv"],"packages/cupertino_icons/assets/CupertinoIcons.ttf":["packages/cupertino_icons/assets/CupertinoIcons.ttf"],"packages/easy_localization/i18n/ar-DZ.json":["packages/easy_localization/i18n/ar-DZ.json"],"packages/easy_localization/i18n/ar.json":["packages/easy_localization/i18n/ar.json"],"packages/easy_localization/i18n/en-US.json":["packages/easy_localization/i18n/en-US.json"],"packages/easy_localization/i18n/en.json":["packages/easy_localization/i18n/en.json"],"packages/flutter_icons/fonts/AntDesign.ttf":["packages/flutter_icons/fonts/AntDesign.ttf"],"packages/flutter_icons/fonts/Entypo.ttf":["packages/flutter_icons/fonts/Entypo.ttf"],"packages/flutter_icons/fonts/EvilIcons.ttf":["packages/flutter_icons/fonts/EvilIcons.ttf"],"packages/flutter_icons/fonts/Feather.ttf":["packages/flutter_icons/fonts/Feather.ttf"],"packages/flutter_icons/fonts/FontAwesome.ttf":["packages/flutter_icons/fonts/FontAwesome.ttf"],"packages/flutter_icons/fonts/FontAwesome5_Brands.ttf":["packages/flutter_icons/fonts/FontAwesome5_Brands.ttf"],"packages/flutter_icons/fonts/FontAwesome5_Regular.ttf":["packages/flutter_icons/fonts/FontAwesome5_Regular.ttf"],"packages/flutter_icons/fonts/FontAwesome5_Solid.ttf":["packages/flutter_icons/fonts/FontAwesome5_Solid.ttf"],"packages/flutter_icons/fonts/Foundation.ttf":["packages/flutter_icons/fonts/Foundation.ttf"],"packages/flutter_icons/fonts/Ionicons.ttf":["packages/flutter_icons/fonts/Ionicons.ttf"],"packages/flutter_icons/fonts/MaterialCommunityIcons.ttf":["packages/flutter_icons/fonts/MaterialCommunityIcons.ttf"],"packages/flutter_icons/fonts/MaterialIcons.ttf":["packages/flutter_icons/fonts/MaterialIcons.ttf"],"packages/flutter_icons/fonts/Octicons.ttf":["packages/flutter_icons/fonts/Octicons.ttf"],"packages/flutter_icons/fonts/SimpleLineIcons.ttf":["packages/flutter_icons/fonts/SimpleLineIcons.ttf"],"packages/flutter_icons/fonts/Zocial.ttf":["packages/flutter_icons/fonts/Zocial.ttf"],"packages/flutter_icons/fonts/weathericons.ttf":["packages/flutter_icons/fonts/weathericons.ttf"],"packages/wakelock_web/assets/no_sleep.js":["packages/wakelock_web/assets/no_sleep.js"],"packages/youtube_player_iframe/assets/player.html":["packages/youtube_player_iframe/assets/player.html"]}